id,created_at,favorite_count,retweet_count,url,text
1301944577390186496,2020-09-04 18:05:50+00:00,2,0,https://twitter.com/i/web/status/1301944577390186496,Thank you we will report them
1301944454232838145,2020-09-04 18:05:21+00:00,3,0,https://twitter.com/i/web/status/1301944454232838145,Day off today
1301944421177581576,2020-09-04 18:05:13+00:00,0,0,https://twitter.com/i/web/status/1301944421177581576,Hey there I stream on YouTube every day
1301944165090103296,2020-09-04 18:04:12+00:00,0,0,https://twitter.com/i/web/status/1301944165090103296,Thanks we just reported them
1297980039934377985,2020-08-24 19:32:11+00:00,1,0,https://twitter.com/i/web/status/1297980039934377985,Thank you we reported them
1293201408829689861,2020-08-11 15:03:37+00:00,216,72,https://twitter.com/i/web/status/1293201408829689861,1217993 on the morning on TSLA EYEN JAN OXBR
1293167615674728448,2020-08-11 12:49:20+00:00,101,32,https://twitter.com/i/web/status/1293167615674728448,LIVE Day Trading Watch List for TUESDAY
1292805035005378561,2020-08-10 12:48:34+00:00,70,52,https://twitter.com/i/web/status/1292805035005378561,LIVE Day Trading Watch List for MONDAY 8102020 MCRB HOTH OMER IBIO
1291716106000846849,2020-08-07 12:41:33+00:00,48,18,https://twitter.com/i/web/status/1291716106000846849,LIVE TRADING and WATCH LIST for Friday
1291354645017710595,2020-08-06 12:45:14+00:00,62,21,https://twitter.com/i/web/status/1291354645017710595,337206 in 1hr of Day Trading
1290992572840591360,2020-08-05 12:46:29+00:00,40,18,https://twitter.com/i/web/status/1290992572840591360,LIVE Day Trading Watch List for Wednesday
1290668369838919680,2020-08-04 15:18:13+00:00,68,47,https://twitter.com/i/web/status/1290668369838919680,6905640 on the day trading SSNT ZCMD ATHE DPHC BLNK WIMI and KODK
1290629268439932929,2020-08-04 12:42:50+00:00,35,17,https://twitter.com/i/web/status/1290629268439932929,LIVE Day Trading Watch List for TUESDAY SSNT 300 ATHE 244
1290299203340574721,2020-08-03 14:51:17+00:00,56,20,https://twitter.com/i/web/status/1290299203340574721,LIVE Recap 11414115 on DTSS AMBO and ADT plus new Swing Trades on AMZN and AAPL and SPY
1290269287244943362,2020-08-03 12:52:24+00:00,31,16,https://twitter.com/i/web/status/1290269287244943362,LIVE Day Trading Watch List with TWO 100 Gappers
1289181390873878528,2020-07-31 12:49:30+00:00,37,18,https://twitter.com/i/web/status/1289181390873878528,LIVE Day Trading Watch List with TWO 100 Gappers
1288863021234675712,2020-07-30 15:44:24+00:00,104,47,https://twitter.com/i/web/status/1288863021234675712,13226189 Day Trading the CRAZY Momentum on KODK EDSA TAOP BLNK and KNDI
1288819539401089025,2020-07-30 12:51:37+00:00,24,15,https://twitter.com/i/web/status/1288819539401089025,LIVE Day Trading Watch List for Thursday
1288547404048809984,2020-07-29 18:50:15+00:00,47,16,https://twitter.com/i/web/status/1288547404048809984,2506559 to finish the day on KODK SNOA and NFLX
1288456770902360064,2020-07-29 12:50:07+00:00,35,20,https://twitter.com/i/web/status/1288456770902360064,KODK 95 AGAIN Today LIVE Day Trading Watch List
1288094716056072192,2020-07-28 12:51:26+00:00,23,11,https://twitter.com/i/web/status/1288094716056072192,LIVE Day Trading Watch List for TUESDAY KODK 200 Pre Market
1287731627494240257,2020-07-27 12:48:39+00:00,39,14,https://twitter.com/i/web/status/1287731627494240257,LIVE Day Trading Watch List for MONDAY
1286645246420377600,2020-07-24 12:51:46+00:00,23,13,https://twitter.com/i/web/status/1286645246420377600,LIVE Day Trading Watch List for FRIDAY
1286311445823619073,2020-07-23 14:45:21+00:00,1,0,https://twitter.com/i/web/status/1286311445823619073,Thank you
1286311358145929216,2020-07-23 14:45:00+00:00,1,0,https://twitter.com/i/web/status/1286311358145929216,Thank you we will report
1286311302118420480,2020-07-23 14:44:47+00:00,1,0,https://twitter.com/i/web/status/1286311302118420480,Thank you we will report
1286311196833075200,2020-07-23 14:44:22+00:00,1,0,https://twitter.com/i/web/status/1286311196833075200,Thank you for reporting we will too
1286282463665246212,2020-07-23 12:50:11+00:00,30,15,https://twitter.com/i/web/status/1286282463665246212,LIVE Day Trading Watch List for THURSDAY
1285921229908480003,2020-07-22 12:54:47+00:00,24,12,https://twitter.com/i/web/status/1285921229908480003,LIVE Day Trading Watch List for Wednesday
1285587297438584835,2020-07-21 14:47:51+00:00,44,11,https://twitter.com/i/web/status/1285587297438584835,33702 in 1 hour of Day Trading IMRN MTP and OMI
1285557311398789120,2020-07-21 12:48:42+00:00,14,9,https://twitter.com/i/web/status/1285557311398789120,IMRN Short Squeeze 100 Overnight Daily Watch List TUESDAY
1285282842923036672,2020-07-20 18:38:03+00:00,51,11,https://twitter.com/i/web/status/1285282842923036672,My TSLA Trade Bought TSLA on ABCD Pattern at 1596 and sold through 1630s for 459139
1285271205541564427,2020-07-20 17:51:49+00:00,1,0,https://twitter.com/i/web/status/1285271205541564427,Thanks so much for the support
1285270315107581953,2020-07-20 17:48:16+00:00,1,0,https://twitter.com/i/web/status/1285270315107581953,Flair Check it out here
1285268803870429189,2020-07-20 17:42:16+00:00,1,0,https://twitter.com/i/web/status/1285268803870429189,WT Sim is based on Sterling software Many traders end up using a Sterling platform when they go live others switch to DAS or other platform It all depends on your personal needs
1285267720834035714,2020-07-20 17:37:58+00:00,1,0,https://twitter.com/i/web/status/1285267720834035714,Thank you We have reported
1285267150496833538,2020-07-20 17:35:42+00:00,0,0,https://twitter.com/i/web/status/1285267150496833538,Thank you We reported that one July 1st and have just done so again Stay safe
1285266605329518592,2020-07-20 17:33:32+00:00,0,0,https://twitter.com/i/web/status/1285266605329518592,We reported the impostor account Be sure you do the same and you can also file a report with your local police if you have fallen victim to an internet impostor scam More tips here
1285266252252971014,2020-07-20 17:32:08+00:00,0,0,https://twitter.com/i/web/status/1285266252252971014,We saw your other comment reporting the impersonator account were so sorry to hear about the scam Please refer to this page here for tips for the WT community to stay safe on social media
1285265702371328000,2020-07-20 17:29:57+00:00,0,0,https://twitter.com/i/web/status/1285265702371328000,SEC regulations restrict traders from streaming that live but well post some new live trading recordings for our Warrior Pro students soon
1285195501135003649,2020-07-20 12:50:59+00:00,21,9,https://twitter.com/i/web/status/1285195501135003649,LIVE Day Trading Watch List for Monday 72020
1285050647444848642,2020-07-20 03:15:24+00:00,0,0,https://twitter.com/i/web/status/1285050647444848642,Thank you for reporting We have done so as well Please refer to this page here for tips for the WT community to stay safe on social media
1285050123211374598,2020-07-20 03:13:19+00:00,0,0,https://twitter.com/i/web/status/1285050123211374598,So sorry to hear about an impostor account contacting you Please refer to this page here for tips for the WT community to stay safe on social media
1285050100658708483,2020-07-20 03:13:13+00:00,0,0,https://twitter.com/i/web/status/1285050100658708483,So sorry to hear about an impostor account contacting you Please refer to this page here for tips for the WT community to stay safe on social media
1285050063270576129,2020-07-20 03:13:04+00:00,0,0,https://twitter.com/i/web/status/1285050063270576129,So sorry to hear about an impostor account contacting you Please refer to this page here for tips for the WT community to stay safe on social media
1283744434538967042,2020-07-16 12:44:58+00:00,26,10,https://twitter.com/i/web/status/1283744434538967042,LIVE Day Trading Watch List for THURSDAY
1283381354432876544,2020-07-15 12:42:13+00:00,31,8,https://twitter.com/i/web/status/1283381354432876544,LIVE Day Trading Watch List for Wildcard WEDNESDAY
1283126342381301761,2020-07-14 19:48:54+00:00,23,8,https://twitter.com/i/web/status/1283126342381301761,LIVE Day Trading Watch List for TUESDAY 7142020
1283020016695177221,2020-07-14 12:46:23+00:00,18,8,https://twitter.com/i/web/status/1283020016695177221,LIVE Day Trading Watch List for TUESDAY 7142020
1282656029738594307,2020-07-13 12:40:02+00:00,28,10,https://twitter.com/i/web/status/1282656029738594307,LIVE Day Trading Watch List for Monday
1282467308032557056,2020-07-13 00:10:07+00:00,40,12,https://twitter.com/i/web/status/1282467308032557056,Friday Short Squeeze on WIMI 500 Whats in store for Monday
1281572513852477440,2020-07-10 12:54:32+00:00,31,9,https://twitter.com/i/web/status/1281572513852477440,LIVE Day Trading Watch List for WILD CARD Friday
1281371325253246978,2020-07-09 23:35:05+00:00,1,0,https://twitter.com/i/web/status/1281371325253246978,Thank you We are reporting
1281371094470004741,2020-07-09 23:34:10+00:00,0,0,https://twitter.com/i/web/status/1281371094470004741,Hey there I use Lightspeed for trading and ESignal for charts
1281370967655284736,2020-07-09 23:33:40+00:00,1,0,https://twitter.com/i/web/status/1281370967655284736,Thank you We are reporting
1281208940613693440,2020-07-09 12:49:49+00:00,22,8,https://twitter.com/i/web/status/1281208940613693440,LIVE Day Trading Watch List for Thursday 7920
1280847537889374210,2020-07-08 12:53:44+00:00,38,8,https://twitter.com/i/web/status/1280847537889374210,LIVE Day Trading Watch List for Wednesday 782020
1280522217105747968,2020-07-07 15:21:02+00:00,51,6,https://twitter.com/i/web/status/1280522217105747968,1366342 on ANVS 151
1280519106689732608,2020-07-07 15:08:40+00:00,27,7,https://twitter.com/i/web/status/1280519106689732608,Reminder Our only Twitter Accounts are and we will never send you private messages on any social media platform If you want to get in touch you can contact us through our website be safe out there
1280121657693106178,2020-07-06 12:49:21+00:00,17,8,https://twitter.com/i/web/status/1280121657693106178,LIVE Day Trading Watch List for MONDAY 7620
1279922459295145985,2020-07-05 23:37:48+00:00,31,5,https://twitter.com/i/web/status/1279922459295145985,Dont miss our 4th of July Special Sales Coupon Code JULY40 will save you 40 on your Education
1279494245150318593,2020-07-04 19:16:14+00:00,1,0,https://twitter.com/i/web/status/1279494245150318593,Email the team here and we can help you out
1278674088563621888,2020-07-02 12:57:13+00:00,35,6,https://twitter.com/i/web/status/1278674088563621888,LIVE Day Trading Watch List for Thursday
1278413261453606914,2020-07-01 19:40:47+00:00,1,0,https://twitter.com/i/web/status/1278413261453606914,you can see our faves here
1278312566725328897,2020-07-01 13:00:40+00:00,27,7,https://twitter.com/i/web/status/1278312566725328897,LIVE Day Trading Watch List for Wednesday JULY 1st
1277948565319413761,2020-06-30 12:54:15+00:00,37,6,https://twitter.com/i/web/status/1277948565319413761,LIVE Day Trading Watch List for Tuesday
1277585025504927756,2020-06-29 12:49:41+00:00,31,7,https://twitter.com/i/web/status/1277585025504927756,MONDAY Watch List for Day Traders
1276498337173135363,2020-06-26 12:51:34+00:00,43,6,https://twitter.com/i/web/status/1276498337173135363,FRIDAY Watch List for Day Trading
1276136177142136832,2020-06-25 12:52:28+00:00,28,8,https://twitter.com/i/web/status/1276136177142136832,LIVE Day Trading Watch List for THURSDAY
1275774202377728000,2020-06-24 12:54:07+00:00,32,5,https://twitter.com/i/web/status/1275774202377728000,Wednesday Day Trading Watch List
1275435699362074625,2020-06-23 14:29:01+00:00,74,9,https://twitter.com/i/web/status/1275435699362074625,The Momentum is BACK Making up for Yesterdays 10k loss with 6242004 in profit on 3 Gap and Go Trades
1275411198435975168,2020-06-23 12:51:40+00:00,25,7,https://twitter.com/i/web/status/1275411198435975168,LIVE Day Trading Watch List for Tuesday
1275094808667676672,2020-06-22 15:54:27+00:00,54,9,https://twitter.com/i/web/status/1275094808667676672,Red Day Recap 1043509
1275048738008952832,2020-06-22 12:51:23+00:00,31,7,https://twitter.com/i/web/status/1275048738008952832,MONDAY Day Trading Watch List
1273396860078653440,2020-06-17 23:27:24+00:00,0,0,https://twitter.com/i/web/status/1273396860078653440,I keep it hidden to keep me focused and then look when I am done trading You can see some more on this on my daily recaps on YouTube from the end of March
1273396339204857856,2020-06-17 23:25:20+00:00,2,0,https://twitter.com/i/web/status/1273396339204857856,Thank you we reported
1273396208250355713,2020-06-17 23:24:49+00:00,1,0,https://twitter.com/i/web/status/1273396208250355713,Thank you we have reported
1272875853223833600,2020-06-16 12:57:06+00:00,50,5,https://twitter.com/i/web/status/1272875853223833600,LIVE Day Trading Watch List for Tuesday
1272513391114874881,2020-06-15 12:56:49+00:00,36,9,https://twitter.com/i/web/status/1272513391114874881,LIVE Watch List for MONDAY 6152020
1271426879069667328,2020-06-12 12:59:24+00:00,34,7,https://twitter.com/i/web/status/1271426879069667328,LIVE Day Trading Watch List for Friday 61220
1271226049196670987,2020-06-11 23:41:23+00:00,1,0,https://twitter.com/i/web/status/1271226049196670987,Hey I was using a limit order 5 cents above the current ask
1271159095500906498,2020-06-11 19:15:20+00:00,0,0,https://twitter.com/i/web/status/1271159095500906498,There are a ton of very good trading platforms and tools available for traders Ross typically uses Lightspeed for brokerage
1271094299636019202,2020-06-11 14:57:51+00:00,74,7,https://twitter.com/i/web/status/1271094299636019202,China Stocks are FIRE for the 3rd day in a row 5897988
1271065765945307138,2020-06-11 13:04:28+00:00,28,5,https://twitter.com/i/web/status/1271065765945307138,LIVE Day Trading Watch List for THURSDAY 61120
1270759123580157952,2020-06-10 16:45:59+00:00,298,20,https://twitter.com/i/web/status/1270759123580157952,Finishing the morning 13290113 for the BEST day of my career
1270703019001167874,2020-06-10 13:03:02+00:00,27,4,https://twitter.com/i/web/status/1270703019001167874,LIVE Day Trading Watch List for Wednesday 61020
1270490949693685763,2020-06-09 23:00:21+00:00,2,0,https://twitter.com/i/web/status/1270490949693685763,Thank you
1270340200447635458,2020-06-09 13:01:20+00:00,49,6,https://twitter.com/i/web/status/1270340200447635458,LIVE Day Trading Watch List for Tuesday 6920
1270135615812710401,2020-06-08 23:28:23+00:00,1,0,https://twitter.com/i/web/status/1270135615812710401,Thank you
1270117049780637697,2020-06-08 22:14:36+00:00,0,0,https://twitter.com/i/web/status/1270117049780637697,Not me An imposter
1270007852262817799,2020-06-08 15:00:42+00:00,59,8,https://twitter.com/i/web/status/1270007852262817799,1498076 in profit on Energy Stocks and Digital Ally
1269976982311165952,2020-06-08 12:58:02+00:00,27,6,https://twitter.com/i/web/status/1269976982311165952,LIVE Day Trading Watch List for MONDAY 682020
1269776328879771648,2020-06-07 23:40:42+00:00,93,9,https://twitter.com/i/web/status/1269776328879771648,225k in 1 MONTH of DAY TRADING May 2020 in Review
1268913265880358912,2020-06-05 14:31:12+00:00,54,6,https://twitter.com/i/web/status/1268913265880358912,Finishing the morning 444547 with the most profit on HTZ Hertz
1268890733269803008,2020-06-05 13:01:40+00:00,28,9,https://twitter.com/i/web/status/1268890733269803008,LIVE Day Trading Watch List for FRIDAY
1268556518275739648,2020-06-04 14:53:37+00:00,66,17,https://twitter.com/i/web/status/1268556518275739648,26k on CIDM and GNUS as I cross 100000 in profits for June
1268528768844304385,2020-06-04 13:03:21+00:00,16,6,https://twitter.com/i/web/status/1268528768844304385,LIVE Day Trading Watch List for Thursday GNUS is still squeezing
1268501937525346304,2020-06-04 11:16:44+00:00,1,0,https://twitter.com/i/web/status/1268501937525346304,34 Thanks Darth
1268193172464627713,2020-06-03 14:49:48+00:00,60,12,https://twitter.com/i/web/status/1268193172464627713,2735782 as GNUS squeezed up 57 and SECO up 64
1268165901800501249,2020-06-03 13:01:27+00:00,15,7,https://twitter.com/i/web/status/1268165901800501249,LIVE Day Trading Watch List for Wednesday
1267828280322744321,2020-06-02 14:39:51+00:00,37,6,https://twitter.com/i/web/status/1267828280322744321,2nd day of June 2820790
1267827352211349506,2020-06-02 14:36:10+00:00,0,0,https://twitter.com/i/web/status/1267827352211349506,Its an imposter
1267803246808100864,2020-06-02 13:00:23+00:00,10,5,https://twitter.com/i/web/status/1267803246808100864,LIVE Day Trading Watch List for TUESDAY
1267614855143415808,2020-06-02 00:31:47+00:00,24,7,https://twitter.com/i/web/status/1267614855143415808,Day 1 of Summer School is in the books
1267528250869395457,2020-06-01 18:47:39+00:00,1,0,https://twitter.com/i/web/status/1267528250869395457,I use standard
1267528200017633282,2020-06-01 18:47:27+00:00,1,0,https://twitter.com/i/web/status/1267528200017633282,Nice Tony
1267462609722175489,2020-06-01 14:26:49+00:00,60,5,https://twitter.com/i/web/status/1267462609722175489,42nd Consecutive Green Day 2439747 on two 100 gainer stocks
1267440894052954113,2020-06-01 13:00:31+00:00,22,6,https://twitter.com/i/web/status/1267440894052954113,LIVE Day Trading Watch List for MONDAY
1267151900090093569,2020-05-31 17:52:10+00:00,27,6,https://twitter.com/i/web/status/1267151900090093569,When youre THIS close to being a profitable day trader
1267110712712757249,2020-05-31 15:08:30+00:00,0,0,https://twitter.com/i/web/status/1267110712712757249,Yeah I use is signal charts but theyre not integrated so I have to separately enter a stock symbol into those charts if I want to look at it
1266803805053767683,2020-05-30 18:48:57+00:00,0,0,https://twitter.com/i/web/status/1266803805053767683,Nice
1266782937384538113,2020-05-30 17:26:02+00:00,35,6,https://twitter.com/i/web/status/1266782937384538113,41st Consecutive Green Day 2037001
1266715223945293825,2020-05-30 12:56:58+00:00,0,0,https://twitter.com/i/web/status/1266715223945293825,Hi Will you are welcome to email ross com we will get back to you if we are interested
1266566810180206592,2020-05-30 03:07:13+00:00,0,0,https://twitter.com/i/web/status/1266566810180206592,I had trades on 2 other stocks AGE and CHCI You can see my position window is scrolled to the top My broker statements are here and my independent audit here
1266386155244666882,2020-05-29 15:09:22+00:00,61,4,https://twitter.com/i/web/status/1266386155244666882,41st Consecutive Green Day 2037001
1266350706782396416,2020-05-29 12:48:30+00:00,22,4,https://twitter.com/i/web/status/1266350706782396416,LIVE Day Trading Watchlist for FRIDAY There are already 3 stocks up 100
1266188490464731137,2020-05-29 02:03:55+00:00,0,0,https://twitter.com/i/web/status/1266188490464731137,Not sure what you are referring to
1266188402199855105,2020-05-29 02:03:34+00:00,0,0,https://twitter.com/i/web/status/1266188402199855105,Yes
1266188365445152770,2020-05-29 02:03:25+00:00,2,0,https://twitter.com/i/web/status/1266188365445152770,Nice work
1266044460762185728,2020-05-28 16:31:36+00:00,66,7,https://twitter.com/i/web/status/1266044460762185728,40th Consecutive Green Day
1265989904774782977,2020-05-28 12:54:48+00:00,14,5,https://twitter.com/i/web/status/1265989904774782977,LIVE Day Trading Watch List for THURSDAY
1265663483216932865,2020-05-27 15:17:43+00:00,55,11,https://twitter.com/i/web/status/1265663483216932865,39th Green Day in a Row 1021484
1265629128939560960,2020-05-27 13:01:13+00:00,21,6,https://twitter.com/i/web/status/1265629128939560960,38th Consecutive Green Day 270905
1265601789669359617,2020-05-27 11:12:35+00:00,1,0,https://twitter.com/i/web/status/1265601789669359617,Hey I use Lightspeed Trader I dont use web or mobile
1265292992589381632,2020-05-26 14:45:32+00:00,31,5,https://twitter.com/i/web/status/1265292992589381632,38th Consecutive Green Day 270905
1265266867515428865,2020-05-26 13:01:43+00:00,15,6,https://twitter.com/i/web/status/1265266867515428865,LIVE Watch List for Tuesday
1264910743658430465,2020-05-25 13:26:36+00:00,0,0,https://twitter.com/i/web/status/1264910743658430465,Yeah there are actually a bunch of people who do that report them and block them
1264322002275504131,2020-05-23 22:27:09+00:00,0,0,https://twitter.com/i/web/status/1264322002275504131,Yeah Id doubt youd have an issue unless you start trading higher priced stocks with bigger spreads and more volatility
1264318453365837824,2020-05-23 22:13:03+00:00,0,0,https://twitter.com/i/web/status/1264318453365837824,I sometimes have issues getting filled Ive actually moved it to ask 05 now
1264293172454162433,2020-05-23 20:32:36+00:00,24,5,https://twitter.com/i/web/status/1264293172454162433,LIVE Saturday Update Why has Day Trading become so popular
1264276072549560327,2020-05-23 19:24:39+00:00,0,0,https://twitter.com/i/web/status/1264276072549560327,Awesome Dave
1263817032585277440,2020-05-22 13:00:35+00:00,15,5,https://twitter.com/i/web/status/1263817032585277440,LIVE Day Trading Watch List for Friday
1263801974308438016,2020-05-22 12:00:45+00:00,0,0,https://twitter.com/i/web/status/1263801974308438016,Wild ride
1263646712998105095,2020-05-22 01:43:48+00:00,1,0,https://twitter.com/i/web/status/1263646712998105095,Nice work
1263602822416867330,2020-05-21 22:49:24+00:00,1,0,https://twitter.com/i/web/status/1263602822416867330,Yeah
1263595961948860416,2020-05-21 22:22:08+00:00,1,0,https://twitter.com/i/web/status/1263595961948860416,zebra SURF popped up on the momentum scanner and was breaking yesterdays high Yesterday it was a gappers with news today was a continuation set up
1263595486843297792,2020-05-21 22:20:15+00:00,0,0,https://twitter.com/i/web/status/1263595486843297792,atwood I lost on XTNT too its frustrating to see which a big drop from a halt going down but sometimes it happens Keep your head up
1263487327592050688,2020-05-21 15:10:28+00:00,41,4,https://twitter.com/i/web/status/1263487327592050688,36th Consecutive Green Day 10k
1263456146922201088,2020-05-21 13:06:33+00:00,16,5,https://twitter.com/i/web/status/1263456146922201088,LIVE Day Trading Watch List for Thursday
1263435777620525057,2020-05-21 11:45:37+00:00,0,0,https://twitter.com/i/web/status/1263435777620525057,
1263435594144890882,2020-05-21 11:44:53+00:00,1,0,https://twitter.com/i/web/status/1263435594144890882,
1263435542798221313,2020-05-21 11:44:41+00:00,1,0,https://twitter.com/i/web/status/1263435542798221313,Youre not alone
1263289743434973184,2020-05-21 02:05:20+00:00,0,0,https://twitter.com/i/web/status/1263289743434973184,Thank you
1263228878375526400,2020-05-20 22:03:28+00:00,0,0,https://twitter.com/i/web/status/1263228878375526400,bogan Thats perfect 6730 is enough
1263211813568724996,2020-05-20 20:55:40+00:00,0,0,https://twitter.com/i/web/status/1263211813568724996,Thanks Kathleen
1263211658526306304,2020-05-20 20:55:03+00:00,0,0,https://twitter.com/i/web/status/1263211658526306304,Hey They arent automated I manually bail out
1263211578100527104,2020-05-20 20:54:44+00:00,1,0,https://twitter.com/i/web/status/1263211578100527104,bogan Hey I appreciate that My strategy doesnt work super well if you arent able to trade 911am thats the window where I trade the most
1263131963470131203,2020-05-20 15:38:22+00:00,69,5,https://twitter.com/i/web/status/1263131963470131203,1156531 on my 35th Consecutive Green Day
1263091210391965696,2020-05-20 12:56:26+00:00,13,4,https://twitter.com/i/web/status/1263091210391965696,LIVE Day Trading Watchlist for Wednesday
1262937351384375301,2020-05-20 02:45:03+00:00,1,0,https://twitter.com/i/web/status/1262937351384375301,You can see my broker statements on the website April is posted and May will be posted as soon as the month is over I was never down 60k my biggest draw down was 50k tho that was back in Oct I believe
1262923155158466560,2020-05-20 01:48:38+00:00,1,0,https://twitter.com/i/web/status/1262923155158466560,Thank you
1262923110707159045,2020-05-20 01:48:28+00:00,1,0,https://twitter.com/i/web/status/1262923110707159045,Thanks Kermit
1262923085117886464,2020-05-20 01:48:22+00:00,4,0,https://twitter.com/i/web/status/1262923085117886464,Study practice and dont give up
1262922979165581315,2020-05-20 01:47:56+00:00,0,0,https://twitter.com/i/web/status/1262922979165581315,Thank you
1262922959938818053,2020-05-20 01:47:52+00:00,0,0,https://twitter.com/i/web/status/1262922959938818053,Thank you
1262922939919478790,2020-05-20 01:47:47+00:00,0,0,https://twitter.com/i/web/status/1262922939919478790,Thank you
1262922918163554304,2020-05-20 01:47:42+00:00,1,0,https://twitter.com/i/web/status/1262922918163554304,Thank you
1262922875419406336,2020-05-20 01:47:32+00:00,1,0,https://twitter.com/i/web/status/1262922875419406336,Tamar Thats okay green is good
1262922815742844928,2020-05-20 01:47:17+00:00,1,0,https://twitter.com/i/web/status/1262922815742844928,Omg I know that feeling
1262922550688038912,2020-05-20 01:46:14+00:00,2,0,https://twitter.com/i/web/status/1262922550688038912,Thanks Juan
1262922505414729729,2020-05-20 01:46:03+00:00,0,0,https://twitter.com/i/web/status/1262922505414729729,Thank you
1262922478541778947,2020-05-20 01:45:57+00:00,1,0,https://twitter.com/i/web/status/1262922478541778947,Yes
1262922444265922561,2020-05-20 01:45:49+00:00,1,0,https://twitter.com/i/web/status/1262922444265922561,Thank you
1262922414306078720,2020-05-20 01:45:42+00:00,0,0,https://twitter.com/i/web/status/1262922414306078720,Thank you
1262922374435024896,2020-05-20 01:45:32+00:00,3,0,https://twitter.com/i/web/status/1262922374435024896,coops Oh yes
1262922348065370119,2020-05-20 01:45:26+00:00,0,0,https://twitter.com/i/web/status/1262922348065370119,Thank you Marcus
1262922317904130049,2020-05-20 01:45:19+00:00,0,0,https://twitter.com/i/web/status/1262922317904130049,Thank you
1262921915829833730,2020-05-20 01:43:43+00:00,0,0,https://twitter.com/i/web/status/1262921915829833730,This is a real money account at Lightspeed My broker statements are available on my website
1262850272537137152,2020-05-19 20:59:02+00:00,126,18,https://twitter.com/i/web/status/1262850272537137152,4701812 Day Trading LIVE Recap of my BEST DAY EVER
1262546687857287168,2020-05-19 00:52:42+00:00,0,0,https://twitter.com/i/web/status/1262546687857287168,You can register to this live class tomorrow where Ill share some strategy tips and my Summer School Curriculum and Schedule
1262532027913568256,2020-05-18 23:54:26+00:00,0,0,https://twitter.com/i/web/status/1262532027913568256,Yep
1262400352021737477,2020-05-18 15:11:12+00:00,45,4,https://twitter.com/i/web/status/1262400352021737477,Finishing the 33rd Consecutive Green Day 7000 in profits on Aurora Cannabis Inc
1262367799046885381,2020-05-18 13:01:51+00:00,21,5,https://twitter.com/i/web/status/1262367799046885381,LIVE Day Trading Watch list for Monday Plus Summer School Announcement
1262115331293810688,2020-05-17 20:18:38+00:00,0,0,https://twitter.com/i/web/status/1262115331293810688,Not sure yet Well see what scans look like in the AM
1261671314911309824,2020-05-16 14:54:16+00:00,0,0,https://twitter.com/i/web/status/1261671314911309824,Nice work
1261419927312842752,2020-05-15 22:15:21+00:00,1,0,https://twitter.com/i/web/status/1261419927312842752,Headline of raising 250mil was on esignal news feed posted yesterday
1261417703119761410,2020-05-15 22:06:31+00:00,0,0,https://twitter.com/i/web/status/1261417703119761410,Welcome
1261306249368334336,2020-05-15 14:43:38+00:00,27,10,https://twitter.com/i/web/status/1261306249368334336,32nd Consecutive Green Day 29k thanks to SRNE 85
1261280732082626560,2020-05-15 13:02:14+00:00,9,3,https://twitter.com/i/web/status/1261280732082626560,LIVE Day Trading Watch List for Friday
1261115265787531264,2020-05-15 02:04:44+00:00,0,0,https://twitter.com/i/web/status/1261115265787531264,Thanks Dustin I have tons of videos on YouTube you should check out
1261115118462566406,2020-05-15 02:04:09+00:00,0,0,https://twitter.com/i/web/status/1261115118462566406,Nice work
1261037722833162241,2020-05-14 20:56:36+00:00,1,0,https://twitter.com/i/web/status/1261037722833162241,Thanks
1260943860978470913,2020-05-14 14:43:38+00:00,24,6,https://twitter.com/i/web/status/1260943860978470913,31st Consecutive Green Day 646585
1260918962243567618,2020-05-14 13:04:41+00:00,20,4,https://twitter.com/i/web/status/1260918962243567618,30th Consecutive Green Day 2521825
1260587229816041473,2020-05-13 15:06:30+00:00,51,4,https://twitter.com/i/web/status/1260587229816041473,30th Consecutive Green Day 2521825
1260559768453738496,2020-05-13 13:17:23+00:00,16,3,https://twitter.com/i/web/status/1260559768453738496,29th Consecutive Green Day
1260243368040206336,2020-05-12 16:20:07+00:00,27,5,https://twitter.com/i/web/status/1260243368040206336,29th Consecutive Green Day
1260193287970816001,2020-05-12 13:01:07+00:00,13,3,https://twitter.com/i/web/status/1260193287970816001,LIVE Watch List for Tuesday
1259863308489777153,2020-05-11 15:09:54+00:00,23,5,https://twitter.com/i/web/status/1259863308489777153,28th Consecutive Green Day 42k
1259831456697741312,2020-05-11 13:03:20+00:00,20,7,https://twitter.com/i/web/status/1259831456697741312,LIVE Watch List for MONDAY
1258762284727332864,2020-05-08 14:14:50+00:00,18,3,https://twitter.com/i/web/status/1258762284727332864,Finishing my 27th Green Day
1258743623929085953,2020-05-08 13:00:40+00:00,9,3,https://twitter.com/i/web/status/1258743623929085953,LIVE Thursday Watch List for Day Traders
1258406575435206656,2020-05-07 14:41:22+00:00,13,4,https://twitter.com/i/web/status/1258406575435206656,LIVE Thursday Watch List for Day Traders
1258381152575844353,2020-05-07 13:00:21+00:00,12,3,https://twitter.com/i/web/status/1258381152575844353,LIVE Thursday Watch List for Day Traders
1258043311366868999,2020-05-06 14:37:53+00:00,29,5,https://twitter.com/i/web/status/1258043311366868999,LIVE Trading 25th Consecutive Green Day 8k
1258018873015599105,2020-05-06 13:00:46+00:00,11,4,https://twitter.com/i/web/status/1258018873015599105,Mid Day Recap 24th Green Day in a Row
1257853969759641600,2020-05-06 02:05:30+00:00,0,0,https://twitter.com/i/web/status/1257853969759641600,You can learn more here
1257823842115911680,2020-05-06 00:05:47+00:00,0,0,https://twitter.com/i/web/status/1257823842115911680,We have a special group rate for our students at CMEG that may have been what you were hearing about
1257761271182700545,2020-05-05 19:57:09+00:00,0,0,https://twitter.com/i/web/status/1257761271182700545,We are not a broker we provide education but students who dont want to deal with PDT rule use offshore brokers like CMEG
1257682867183747072,2020-05-05 14:45:36+00:00,15,3,https://twitter.com/i/web/status/1257682867183747072,Mid Day Recap 24th Green Day in a Row
1257656427704799233,2020-05-05 13:00:33+00:00,10,3,https://twitter.com/i/web/status/1257656427704799233,Green Day Recap APDN 100 6k
1257322984970174465,2020-05-04 14:55:34+00:00,2,3,https://twitter.com/i/web/status/1257322984970174465,This is actually my Watchlist
1257322861913497607,2020-05-04 14:55:04+00:00,11,3,https://twitter.com/i/web/status/1257322861913497607,This is pure Porsche 1973 Porsche 911 RS
1257315763288862720,2020-05-04 14:26:52+00:00,30,5,https://twitter.com/i/web/status/1257315763288862720,Green Day Recap APDN 100 6k
1257296565137367042,2020-05-04 13:10:35+00:00,35,8,https://twitter.com/i/web/status/1257296565137367042,22nd Consecutive Green Day Day Trading Recap
1257035651477839874,2020-05-03 19:53:48+00:00,0,0,https://twitter.com/i/web/status/1257035651477839874,We made a decision not to focus on twitter I generally think its a dying platform
1256972360596500482,2020-05-03 15:42:18+00:00,0,0,https://twitter.com/i/web/status/1256972360596500482,I wasnt away from mid December March Im not very active on Twitter in general Im more active on YouTube From Marchnow Ive been working at my house instead of my office due to Covid19
1256949006053150720,2020-05-03 14:09:30+00:00,26,3,https://twitter.com/i/web/status/1256949006053150720,22nd Consecutive Green Day Day Trading Recap
1256731238498361344,2020-05-02 23:44:10+00:00,13,3,https://twitter.com/i/web/status/1256731238498361344,22nd Consecutive Green Day Day Trading Recap
1256717369151455232,2020-05-02 22:49:04+00:00,0,0,https://twitter.com/i/web/status/1256717369151455232,Thanks Mark
1256634017039990785,2020-05-02 17:17:51+00:00,0,0,https://twitter.com/i/web/status/1256634017039990785,F1 Yep I was using offshore account with leverage margin
1256626741122158593,2020-05-02 16:48:56+00:00,0,0,https://twitter.com/i/web/status/1256626741122158593,Hey If you email ross com we will get back to you ASAP Im not as active on Twitter
1256335320364113920,2020-05-01 21:30:56+00:00,1,0,https://twitter.com/i/web/status/1256335320364113920,jlp2020 Right on
1256335289707950080,2020-05-01 21:30:49+00:00,0,0,https://twitter.com/i/web/status/1256335289707950080,I search for stocks already starting to move up
1256335241515425792,2020-05-01 21:30:37+00:00,0,0,https://twitter.com/i/web/status/1256335241515425792,Thank you Finally a nice green streak
1256335187782144000,2020-05-01 21:30:25+00:00,0,0,https://twitter.com/i/web/status/1256335187782144000,jbenti Thank you
1256335162658287616,2020-05-01 21:30:19+00:00,0,0,https://twitter.com/i/web/status/1256335162658287616,Trader Thank you
1256229513261920264,2020-05-01 14:30:30+00:00,27,3,https://twitter.com/i/web/status/1256229513261920264,22nd Consecutive Green Day Day Trading Recap
1256210785413369857,2020-05-01 13:16:05+00:00,11,5,https://twitter.com/i/web/status/1256210785413369857,LIVE Day Trading Watch List for Thursday
1256185438269833217,2020-05-01 11:35:21+00:00,1,0,https://twitter.com/i/web/status/1256185438269833217,Welcome Today will be fun See you in the room
1255973120609050625,2020-04-30 21:31:41+00:00,0,1,https://twitter.com/i/web/status/1255973120609050625,Welcome Kae
1255848086825349120,2020-04-30 13:14:51+00:00,16,7,https://twitter.com/i/web/status/1255848086825349120,LIVE Day Trading Watch List for Thursday
1255834745952403456,2020-04-30 12:21:50+00:00,2,0,https://twitter.com/i/web/status/1255834745952403456,Hahah David yes I will do that
1255681164121169921,2020-04-30 02:11:33+00:00,0,0,https://twitter.com/i/web/status/1255681164121169921,Can you email us Team com You should be able to signup right from our website
1255603820652040192,2020-04-29 21:04:13+00:00,1,0,https://twitter.com/i/web/status/1255603820652040192,Nice Randy
1255550833728663552,2020-04-29 17:33:40+00:00,0,0,https://twitter.com/i/web/status/1255550833728663552,Awesome
1255512885037543424,2020-04-29 15:02:52+00:00,9,4,https://twitter.com/i/web/status/1255512885037543424,LIVE Day Trading Watch List for Tuesday
1255482705921310738,2020-04-29 13:02:57+00:00,7,4,https://twitter.com/i/web/status/1255482705921310738,LIVE Day Trading Watch List for Tuesday
1255232125386854400,2020-04-28 20:27:14+00:00,1,0,https://twitter.com/i/web/status/1255232125386854400,Its an interesting one High volume makes it hard
1255232069397106693,2020-04-28 20:27:01+00:00,1,0,https://twitter.com/i/web/status/1255232069397106693,I dont trade stocks under 100 so I havent looked at it
1255231980565934083,2020-04-28 20:26:39+00:00,0,0,https://twitter.com/i/web/status/1255231980565934083,I saw Very nice I looked at it earlier but it had big spread and light volume
1255142776586375171,2020-04-28 14:32:12+00:00,16,4,https://twitter.com/i/web/status/1255142776586375171,LIVE Day Trading Watch List for Tuesday
1255121131633172489,2020-04-28 13:06:11+00:00,8,3,https://twitter.com/i/web/status/1255121131633172489,LIVE Day Trading Watch List for Tuesday
1254935852754575360,2020-04-28 00:49:57+00:00,0,0,https://twitter.com/i/web/status/1254935852754575360,Blocked and reported thank you
1254782059865796613,2020-04-27 14:38:50+00:00,14,3,https://twitter.com/i/web/status/1254782059865796613,18th Consecutive Green Day Day Trading Recap
1254760720429805568,2020-04-27 13:14:02+00:00,6,5,https://twitter.com/i/web/status/1254760720429805568,Day Trading Watch List for Friday
1254172972069371904,2020-04-25 22:18:32+00:00,0,0,https://twitter.com/i/web/status/1254172972069371904,Hey I live stream from 9930 on YouTube so you can stream my watch list You should follow me over there If you want to also watch me while Im trading youd have to be in the classes Hope to see you there
1253693309689532419,2020-04-24 14:32:32+00:00,10,5,https://twitter.com/i/web/status/1253693309689532419,Day Trading Watch List for Friday
1253672089371815936,2020-04-24 13:08:12+00:00,12,7,https://twitter.com/i/web/status/1253672089371815936,Day Trading Watch List for Friday
1253457074580795399,2020-04-23 22:53:49+00:00,0,0,https://twitter.com/i/web/status/1253457074580795399,Looking forward to it
1253400524499664896,2020-04-23 19:09:06+00:00,0,0,https://twitter.com/i/web/status/1253400524499664896,Not me There is a scammer out there using my picture
1253372154676236290,2020-04-23 17:16:22+00:00,0,0,https://twitter.com/i/web/status/1253372154676236290,Hey We have upgrades on most products and refunds on some products but not all its best to email team com to check first
1253347273469071365,2020-04-23 15:37:30+00:00,22,4,https://twitter.com/i/web/status/1253347273469071365,16th Green Day thanks to WLL 150
1253309229236056065,2020-04-23 13:06:20+00:00,12,4,https://twitter.com/i/web/status/1253309229236056065,LIVE Day Trading Watch List for Thursday
1253051066779701249,2020-04-22 20:00:29+00:00,6,3,https://twitter.com/i/web/status/1253051066779701249,Green Day Recap 15th Green Day in a Row
1252966903858921472,2020-04-22 14:26:03+00:00,12,4,https://twitter.com/i/web/status/1252966903858921472,Green Day Recap 15th Green Day in a Row
1252947714335113217,2020-04-22 13:09:48+00:00,10,5,https://twitter.com/i/web/status/1252947714335113217,LIVE Day Trading Watch List for Wednesday
1252611647543242753,2020-04-21 14:54:23+00:00,10,4,https://twitter.com/i/web/status/1252611647543242753,Tuesday LIVE Watch List for Day Traders
1252585430169481218,2020-04-21 13:10:13+00:00,5,4,https://twitter.com/i/web/status/1252585430169481218,Tuesday LIVE Watch List for Day Traders
1252425342456696836,2020-04-21 02:34:05+00:00,1,0,https://twitter.com/i/web/status/1252425342456696836,MikeySmith I was setting my NBY order at 170 then moved it to 178 the premarket high
1252390429573525508,2020-04-21 00:15:21+00:00,16,3,https://twitter.com/i/web/status/1252390429573525508,Thank you
1252372489570672640,2020-04-20 23:04:04+00:00,1,0,https://twitter.com/i/web/status/1252372489570672640,Yes
1252289873882431496,2020-04-20 17:35:47+00:00,10,7,https://twitter.com/i/web/status/1252289873882431496,Monday the 13th 13th green day in a row
1252222505906921474,2020-04-20 13:08:05+00:00,13,5,https://twitter.com/i/web/status/1252222505906921474,LIVE Day Trading Watch List for Monday
1252042509204643840,2020-04-20 01:12:50+00:00,14,7,https://twitter.com/i/web/status/1252042509204643840,Day Trading for Beginners QampA
1251651342340251649,2020-04-18 23:18:29+00:00,21,7,https://twitter.com/i/web/status/1251651342340251649,Day Trading 101 Saturday School is IN SESSION
1251156219068207105,2020-04-17 14:31:02+00:00,9,4,https://twitter.com/i/web/status/1251156219068207105,Day Trading Recap 12th Consecutive Green Day
1251135439202684928,2020-04-17 13:08:28+00:00,13,3,https://twitter.com/i/web/status/1251135439202684928,LIVE FRIDAY Day Trading Watch List
1250798677297295360,2020-04-16 14:50:18+00:00,16,4,https://twitter.com/i/web/status/1250798677297295360,Day Trading Recap 11th Consecutive Green Day
1250772382119153664,2020-04-16 13:05:48+00:00,9,3,https://twitter.com/i/web/status/1250772382119153664,LIVE Thursday Watch List for Day Traders
1250557514896343040,2020-04-15 22:52:00+00:00,0,0,https://twitter.com/i/web/status/1250557514896343040,I saw it insane
1250442891341647873,2020-04-15 15:16:32+00:00,14,3,https://twitter.com/i/web/status/1250442891341647873,Day Trading Recap 10th Consecutive Green Day
1250409099344244736,2020-04-15 13:02:15+00:00,11,5,https://twitter.com/i/web/status/1250409099344244736,LIVE Day Trading Watch List for Wednesday
1250068118220701703,2020-04-14 14:27:19+00:00,17,4,https://twitter.com/i/web/status/1250068118220701703,Day Trading Recap 9TH Consecutive Green Day
1250048924922101763,2020-04-14 13:11:03+00:00,10,5,https://twitter.com/i/web/status/1250048924922101763,Day Trading Recap of my 8th Consecutive Green Day
1249897672141611009,2020-04-14 03:10:01+00:00,0,0,https://twitter.com/i/web/status/1249897672141611009,Okay awesome Looking forward to seeing you in the class Frank
1249715210992136193,2020-04-13 15:04:59+00:00,19,7,https://twitter.com/i/web/status/1249715210992136193,Day Trading Recap of my 8th Consecutive Green Day
1248759821303599105,2020-04-10 23:48:36+00:00,20,7,https://twitter.com/i/web/status/1248759821303599105,Day Trading in April The first 7 days
1248598288934166530,2020-04-10 13:06:44+00:00,21,4,https://twitter.com/i/web/status/1248598288934166530,LIVE Day Trading 101 Special Friday Class
1248446484640600065,2020-04-10 03:03:31+00:00,1,0,https://twitter.com/i/web/status/1248446484640600065,Thats a style of trading but in any case you should stick with whatever works best for you
1248446383490846720,2020-04-10 03:03:07+00:00,0,0,https://twitter.com/i/web/status/1248446383490846720,Welcome
1248429667851227142,2020-04-10 01:56:42+00:00,18,4,https://twitter.com/i/web/status/1248429667851227142,LIVE Answering questions from the inbox
1248256502072111109,2020-04-09 14:28:36+00:00,5,4,https://twitter.com/i/web/status/1248256502072111109,LIVE Day Trading Watch List for Thursday
1248236288668401665,2020-04-09 13:08:16+00:00,8,4,https://twitter.com/i/web/status/1248236288668401665,LIVE Day Trading Watch List for Thursday
1248061005038407680,2020-04-09 01:31:46+00:00,50,5,https://twitter.com/i/web/status/1248061005038407680,Were about to cross 500000 subscribers on YouTube Were at 499988 right NOW
1247894848671076353,2020-04-08 14:31:31+00:00,16,3,https://twitter.com/i/web/status/1247894848671076353,6th GREEN DAY in a Row D
1247874959898107905,2020-04-08 13:12:29+00:00,14,5,https://twitter.com/i/web/status/1247874959898107905,YGYI surprise afternoon Day Trade 254 today
1247695105445650433,2020-04-08 01:17:48+00:00,16,3,https://twitter.com/i/web/status/1247695105445650433,YGYI surprise afternoon Day Trade 254 today
1247530854353526784,2020-04-07 14:25:08+00:00,23,3,https://twitter.com/i/web/status/1247530854353526784,5th Green Day in a row Day Trading for 1hrday
1247512216942686208,2020-04-07 13:11:04+00:00,9,4,https://twitter.com/i/web/status/1247512216942686208,TUESDAY Watch List for Day Traders
1247488174030499841,2020-04-07 11:35:32+00:00,1,0,https://twitter.com/i/web/status/1247488174030499841,Right on
1247166508700065794,2020-04-06 14:17:21+00:00,16,3,https://twitter.com/i/web/status/1247166508700065794,45 min of Day Trading and Im DONE 4th Green Day of April
1247149509705994241,2020-04-06 13:09:48+00:00,5,3,https://twitter.com/i/web/status/1247149509705994241,LIVE Monday Watch List for Stocks to Day Trade
1246431860571418625,2020-04-04 13:38:07+00:00,0,1,https://twitter.com/i/web/status/1246431860571418625,Thank you we are reporting them
1246431745932775424,2020-04-04 13:37:40+00:00,0,1,https://twitter.com/i/web/status/1246431745932775424,Hey Im using CMEG but TradeZero is also popular
1246431615062028289,2020-04-04 13:37:09+00:00,0,1,https://twitter.com/i/web/status/1246431615062028289,Hey Im not 100 sure
1246431502755299334,2020-04-04 13:36:42+00:00,1,1,https://twitter.com/i/web/status/1246431502755299334,I use CMEG
1246078675377745921,2020-04-03 14:14:41+00:00,15,5,https://twitter.com/i/web/status/1246078675377745921,30min of day trading and Im done
1246063711468392449,2020-04-03 13:15:14+00:00,5,4,https://twitter.com/i/web/status/1246063711468392449,LIVE Day Trading Watch List for Friday
1245844227990355970,2020-04-02 22:43:05+00:00,0,1,https://twitter.com/i/web/status/1245844227990355970,No thats a copy cat its not me
1245719831430610945,2020-04-02 14:28:46+00:00,9,6,https://twitter.com/i/web/status/1245719831430610945,1HR of Day TradingHow much did I make
1245700775210188801,2020-04-02 13:13:03+00:00,5,7,https://twitter.com/i/web/status/1245700775210188801,LIVE Day Trading Watch List for Wednesday
1245355606481010688,2020-04-01 14:21:28+00:00,1,1,https://twitter.com/i/web/status/1245355606481010688,Torres Welcome Vic
1245349827610722304,2020-04-01 13:58:31+00:00,4,4,https://twitter.com/i/web/status/1245349827610722304,LIVE Day Trading Watch List for Wednesday
1245338246025904130,2020-04-01 13:12:29+00:00,11,5,https://twitter.com/i/web/status/1245338246025904130,LIVE Day Trading Watch List for Wednesday
1244976838813704193,2020-03-31 13:16:23+00:00,13,7,https://twitter.com/i/web/status/1244976838813704193,LIVE Day Trading Watch List for Tuesday
1244274378289770497,2020-03-29 14:45:03+00:00,84,15,https://twitter.com/i/web/status/1244274378289770497,Im donating 4430311
1244261964743933954,2020-03-29 13:55:44+00:00,0,1,https://twitter.com/i/web/status/1244261964743933954,They make new accounts daily its terrible
1244100787699159050,2020-03-29 03:15:16+00:00,0,1,https://twitter.com/i/web/status/1244100787699159050,Thats not me there are a ton of people who impersonate me
1243915605557694464,2020-03-28 14:59:25+00:00,2,0,https://twitter.com/i/web/status/1243915605557694464,Thats NOT me
1243544988400513024,2020-03-27 14:26:43+00:00,16,6,https://twitter.com/i/web/status/1243544988400513024,Daily Recap 5th Green Day in a row
1243528056003682307,2020-03-27 13:19:26+00:00,6,6,https://twitter.com/i/web/status/1243528056003682307,LIVE Day Trading Watch List
1243186419255762945,2020-03-26 14:41:54+00:00,5,6,https://twitter.com/i/web/status/1243186419255762945,Mid Morning Recap as the Market Bounces 850pts
1243184049645948928,2020-03-26 14:32:29+00:00,4,4,https://twitter.com/i/web/status/1243184049645948928,Mid Morning Recap as the Market Bounces 850pts
1243163720655626240,2020-03-26 13:11:42+00:00,4,5,https://twitter.com/i/web/status/1243163720655626240,Thursday Watch List Unemployment Numbers are out
1242823438600822787,2020-03-25 14:39:32+00:00,15,4,https://twitter.com/i/web/status/1242823438600822787,Daily RECAP ASTC 500
1242801507755409408,2020-03-25 13:12:24+00:00,2,5,https://twitter.com/i/web/status/1242801507755409408,Tuesday Recap What a morning
1242467701315928065,2020-03-24 15:05:58+00:00,6,5,https://twitter.com/i/web/status/1242467701315928065,Tuesday Recap What a morning
1242439629808078848,2020-03-24 13:14:25+00:00,4,4,https://twitter.com/i/web/status/1242439629808078848,LIVE Watch List Markets are UP 5 off the lows this morning
1242089343247769606,2020-03-23 14:02:30+00:00,5,4,https://twitter.com/i/web/status/1242089343247769606,Finished trading in 30min
1242077708604981249,2020-03-23 13:16:17+00:00,4,4,https://twitter.com/i/web/status/1242077708604981249,Daily Recap 672
1241095744913883138,2020-03-20 20:14:18+00:00,0,1,https://twitter.com/i/web/status/1241095744913883138,Raz Thanks
1241045067659272194,2020-03-20 16:52:56+00:00,11,6,https://twitter.com/i/web/status/1241045067659272194,Daily Recap 672
1240989354232647680,2020-03-20 13:11:33+00:00,3,6,https://twitter.com/i/web/status/1240989354232647680,LIVE Friday Watch List for Day Trading
1240732096747847680,2020-03-19 20:09:18+00:00,13,4,https://twitter.com/i/web/status/1240732096747847680,16k trading 20 different stocks
1240627685572767745,2020-03-19 13:14:24+00:00,5,5,https://twitter.com/i/web/status/1240627685572767745,LIVE Day Trading Watch List
1240358085618585601,2020-03-18 19:23:07+00:00,11,5,https://twitter.com/i/web/status/1240358085618585601,Mid Day Recap Markets down 2000 pts and Im 297067
1240265629963190272,2020-03-18 13:15:43+00:00,6,5,https://twitter.com/i/web/status/1240265629963190272,Markets down 6 this morning LIVE Watch List
1240008035973529600,2020-03-17 20:12:08+00:00,7,4,https://twitter.com/i/web/status/1240008035973529600,Daily Recap for Saint Patricks Day
1239903496205291520,2020-03-17 13:16:44+00:00,10,5,https://twitter.com/i/web/status/1239903496205291520,LIVE Day Trading Watch List
1239626659038253058,2020-03-16 18:56:41+00:00,12,9,https://twitter.com/i/web/status/1239626659038253058,LIVE Streaming during the White House 3pm ET Press Conference
1239539859540176896,2020-03-16 13:11:46+00:00,7,6,https://twitter.com/i/web/status/1239539859540176896,LIVE Day Trading Watch List
1238547972624769024,2020-03-13 19:30:22+00:00,6,4,https://twitter.com/i/web/status/1238547972624769024,Live Streaming during the White House Coronavirus Announcement
1238470739486859265,2020-03-13 14:23:28+00:00,9,4,https://twitter.com/i/web/status/1238470739486859265,22k on Friday the 13th
1238453153151873027,2020-03-13 13:13:35+00:00,11,5,https://twitter.com/i/web/status/1238453153151873027,LIVE Day Trading Watch List
1238115849191297025,2020-03-12 14:53:16+00:00,39,5,https://twitter.com/i/web/status/1238115849191297025,Markets down 1700 points and Im up 3k
1238090773314203650,2020-03-12 13:13:37+00:00,7,4,https://twitter.com/i/web/status/1238090773314203650,Day Trading Watch List
1237866751083208706,2020-03-11 22:23:26+00:00,0,1,https://twitter.com/i/web/status/1237866751083208706,Thank you
1237756721478561792,2020-03-11 15:06:13+00:00,25,6,https://twitter.com/i/web/status/1237756721478561792,62k day trading cornovirus biomedical stocks
1237754645998641152,2020-03-11 14:57:58+00:00,0,1,https://twitter.com/i/web/status/1237754645998641152,Biggest position approx 50k but took many tradefs
1237729249101926400,2020-03-11 13:17:03+00:00,5,4,https://twitter.com/i/web/status/1237729249101926400,Day Trading Watch List
1237398504722460673,2020-03-10 15:22:47+00:00,18,5,https://twitter.com/i/web/status/1237398504722460673,Daily Recap 16k on 6 Stocks
1237365456568082432,2020-03-10 13:11:28+00:00,19,7,https://twitter.com/i/web/status/1237365456568082432,LIVE Day Trading Watch List
1227787399956254726,2020-02-13 02:51:41+00:00,0,1,https://twitter.com/i/web/status/1227787399956254726,Hey You should actively comment on my YouTube videos Im more active over there
1193620953651195904,2019-11-10 20:06:26+00:00,0,1,https://twitter.com/i/web/status/1193620953651195904,These monitor mounts are made by Ten One Design
1190993733749268481,2019-11-03 14:06:48+00:00,22,6,https://twitter.com/i/web/status/1190993733749268481,My take on the Suretrader news
1190780658165137408,2019-11-03 00:00:07+00:00,37,10,https://twitter.com/i/web/status/1190780658165137408,Grab the popcorn and get ready to learn indepth about trend lines trading technicalanalysis howtotrade learntotrade stockmarket
1188796480246685697,2019-10-28 12:35:42+00:00,10,5,https://twitter.com/i/web/status/1188796480246685697,Hot stock this morning Daytrading Stocks StockMarket News SmallCaps Momentum Money Profit Daytrader Swingtrading NYSE Nasdaq Wallstreet
1184673786207133698,2019-10-17 03:33:35+00:00,0,0,https://twitter.com/i/web/status/1184673786207133698,Hey I use Lightspeed trading
1183418893462917121,2019-10-13 16:27:05+00:00,1,0,https://twitter.com/i/web/status/1183418893462917121,BRAGNIKK No thats Jimi Hendrix
1183189961522253825,2019-10-13 01:17:24+00:00,30,2,https://twitter.com/i/web/status/1183189961522253825,My BRAND NEW 10000 Day Trading Station Plus my 2500 Mini Traveling Trading Station Daytrading Stocks Stockmarket Daytrader Business Finance Investing Money TradingStation SwingTrader Profit NYSE Nasdaq Wallstreet
1182628569232695296,2019-10-11 12:06:37+00:00,8,4,https://twitter.com/i/web/status/1182628569232695296,Hot stocks to watch Live Scanner Daytrading Stocks Stockmarket Business Finance Investing Hotstocks Stockstowatch Pennystocks Money Daytrader NYSE Nasdaq Wallstreet
1182461265685417984,2019-10-11 01:01:49+00:00,6,3,https://twitter.com/i/web/status/1182461265685417984,
1182461191077138437,2019-10-11 01:01:31+00:00,0,0,https://twitter.com/i/web/status/1182461191077138437,Hmm Im not sure what that would be about thats strange
1181756259755798528,2019-10-09 02:20:22+00:00,80,2,https://twitter.com/i/web/status/1181756259755798528,Burning the midnight oil Who wants an UPDATED trading station video
1181539777562238977,2019-10-08 12:00:09+00:00,9,4,https://twitter.com/i/web/status/1181539777562238977,Hot Stocks gapping up this morning Daytrading Stocks Stockmarket Business Finance Investing Hotstocks Stockstowatch Pennystocks Money Daytrader NYSE Nasdaq Wallstreet
1181386093725454337,2019-10-08 01:49:28+00:00,33,5,https://twitter.com/i/web/status/1181386093725454337,Pic of me and picking AAPLs
1180895397352484864,2019-10-06 17:19:37+00:00,1,0,https://twitter.com/i/web/status/1180895397352484864,Thats pretty much what Interactive Brokers is doing the others dont offer direct access routing in the first place tho
1180656624429600773,2019-10-06 01:30:49+00:00,3,1,https://twitter.com/i/web/status/1180656624429600773,Awesome
1180342197029347328,2019-10-05 04:41:24+00:00,1,0,https://twitter.com/i/web/status/1180342197029347328,Adobe Premier is what I use
1179855318811066369,2019-10-03 20:26:43+00:00,28,3,https://twitter.com/i/web/status/1179855318811066369,Cant complain about the rain when it keeps things green Daily daytrading recap on YouTube livetrading stockmarket workfromhome
1179562638033985536,2019-10-03 01:03:42+00:00,2,0,https://twitter.com/i/web/status/1179562638033985536,MSaimon Yep You can email ross com
1179562539681755136,2019-10-03 01:03:19+00:00,1,0,https://twitter.com/i/web/status/1179562539681755136,I dont have any I listen to but my midday recap does get posted to iTunes as a podcast
1179160124985884672,2019-10-01 22:24:16+00:00,43,8,https://twitter.com/i/web/status/1179160124985884672,5685 on one stock Feeling good vibes for the month of October Check out my recap on YouTube trading tradingrecap tradingeducation stocks stockmarket marketnews
1178790710570602496,2019-09-30 21:56:20+00:00,19,7,https://twitter.com/i/web/status/1178790710570602496,Were headed into what is historically my most profitable months of the year Hoping to keep that trend going for 2019 Check out my daily trading recap on YouTube now trading stocks momentum daytrading stockmarket warriortrading
1175233434534338560,2019-09-21 02:21:00+00:00,1,0,https://twitter.com/i/web/status/1175233434534338560,Hey I traded options a bit back between 20122014 I believe that was AAPL before the 71 split I liked being able to make 500 on 10 contracts but I found it hard to know where to buysell and ultimately stopped trading them Was just doing calls and puts tho
1174768114589978625,2019-09-19 19:31:59+00:00,24,4,https://twitter.com/i/web/status/1174768114589978625,A red day for me and Suretrader has been suspended for 5 days Trading was tough for me today it didnt turn out the way I wanted but thats ok as there will be more opportunities in the market
1174415707796361219,2019-09-18 20:11:38+00:00,18,6,https://twitter.com/i/web/status/1174415707796361219,7 trades 5 winners and 2 losers Only up 12 Not a lot of volume in the market I was cautious coming into the market today one wrong move could be a big loss So I will call it a day and see what the market is offering tomorrow
1174334009909944320,2019-09-18 14:47:00+00:00,36,4,https://twitter.com/i/web/status/1174334009909944320,Red socks big mistake in this morning Tomorrow Ill wearing all green
1174333433851645952,2019-09-18 14:44:43+00:00,21,3,https://twitter.com/i/web/status/1174333433851645952,Not an easy morning Only 1227 Hopefully we see more momentum ThursFri
1174074981589929989,2019-09-17 21:37:43+00:00,21,5,https://twitter.com/i/web/status/1174074981589929989,Another day of profit Up 845 keeping up progress treading water but picking up small gains During this time I will sit tight and try not to lose money and capitalize on the next wave of momo
1173718636600713216,2019-09-16 22:01:44+00:00,35,4,https://twitter.com/i/web/status/1173718636600713216,Day Trading was ok today as I was able to take 500 from the markets I was up about 1700 before a losing trade that took me down to just 500 Green is better than red so I decided to throw in the towel for the day
1172849233319170049,2019-09-14 12:27:02+00:00,1,0,https://twitter.com/i/web/status/1172849233319170049,Thank you
1172711594033213441,2019-09-14 03:20:06+00:00,0,0,https://twitter.com/i/web/status/1172711594033213441,It wasnt very expensive in my opinion for the experience rooms start at around 250night
1172711316953292800,2019-09-14 03:19:00+00:00,1,0,https://twitter.com/i/web/status/1172711316953292800,Strife I was there on Wednesday Its awesome
1172711245641744384,2019-09-14 03:18:43+00:00,0,0,https://twitter.com/i/web/status/1172711245641744384,nice work Dave
1172711152914059266,2019-09-14 03:18:21+00:00,1,0,https://twitter.com/i/web/status/1172711152914059266,Hey Moving the comfort level and moving the bar up is part of being a trader Keep studying and always look back on metrics to review progress
1172531723554287616,2019-09-13 15:25:22+00:00,0,0,https://twitter.com/i/web/status/1172531723554287616,Most traders will make quarterly payments on taxes I trade both in retirement account and main account The main account I usually dont draw from during the last 2 months of the year to use profits to help cover taxes
1172486278530551808,2019-09-13 12:24:47+00:00,0,0,https://twitter.com/i/web/status/1172486278530551808,I can definitely do that
1172258724976766983,2019-09-12 21:20:34+00:00,36,4,https://twitter.com/i/web/status/1172258724976766983,Im finishing up green 3213 trading from a hotel room in CA on my traveling trade station I had a better internet connection today which makes it a lot easier to trade
1171864086637895682,2019-09-11 19:12:25+00:00,21,4,https://twitter.com/i/web/status/1171864086637895682,Today I traded from the Delta Sky Lounge in JFK airport and Im unfortunately finishing the day down 17k Ill be trading from CA for the rest of the week
1171578291880419328,2019-09-11 00:16:46+00:00,2,0,https://twitter.com/i/web/status/1171578291880419328,Its not the exact model it doesnt have the area in back for the secret service to stand on but yeah this is an early 60s continental
1171576300538081281,2019-09-11 00:08:51+00:00,55,5,https://twitter.com/i/web/status/1171576300538081281,Staying at the TWA hotel at Kennedy airport Ill be trading on my traveling trading station tomorrow
1171531264874074112,2019-09-10 21:09:54+00:00,32,5,https://twitter.com/i/web/status/1171531264874074112,Im finishing up the day 8k which is four times my daily goal and eight times what I made yesterday I had 100 accuracy today with four trades and four winners
1171262712220999680,2019-09-10 03:22:46+00:00,55,4,https://twitter.com/i/web/status/1171262712220999680,Getting into the woods is and has always been a place of peaceits a sea of green
